month,cpih,bank_rate,gva,gva_mom,gva_yoy,unemployment,awe_real_growth,total_consumption_cvm,retail,petrol,diesel,year
2003-06-01,76.7,3.5,74.8,0.7,5.0,5.1,1.7,316413.0,78.1,74.41333333333334,76.60666666666667,2003
2003-07-01,76.6,3.5,75.1,0.4,3.6,5.1,1.7,317196.0,78.3,74.66499999999999,76.6575,2003
2003-08-01,76.8,3.5,75.1,0.1,3.3,5.0,2.2,317979.0,78.1,75.605,77.2525,2003
2003-09-01,77.0,3.5,75.5,0.5,3.4,5.0,2.3,318762.0,79.0,76.158,77.59400000000001,2003
2003-10-01,77.1,3.5,75.9,0.5,3.8,4.9,2.3,319351.0,79.1,76.095,77.535,2003
2003-11-01,77.1,3.75,75.7,-0.4,3.2,4.9,2.4,319940.0,79.2,75.9725,77.545,2003
2003-12-01,77.3,3.75,76.0,0.5,3.6,4.8,3.0,320529.0,79.4,75.958,77.624,2003
2004-01-01,77.0,3.75,75.9,-0.2,3.0,4.8,1.9,321069.3333333333,81.0,76.145,77.805,2004
2004-02-01,77.2,4.0,76.0,0.1,2.8,4.8,1.8,321609.6666666667,80.5,76.45,78.01,2004
2004-03-01,77.3,4.0,76.1,0.2,3.2,4.8,2.3,322150.0,80.8,77.09400000000001,78.57000000000001,2004
2004-04-01,77.6,4.0,76.0,-0.2,2.1,4.8,2.4,323152.3333333333,81.2,78.045,79.42,2004
2004-05-01,77.9,4.25,76.3,0.5,2.7,4.8,2.1,324154.6666666667,81.7,81.10999999999999,82.44800000000001,2004
2004-06-01,77.9,4.5,76.5,0.2,2.3,4.8,2.0,325157.0,82.1,81.3575,82.345,2004
2004-07-01,77.7,4.5,76.5,-0.1,1.8,4.7,2.3,325765.6666666667,82.0,80.48,81.235,2004
2004-08-01,77.9,4.75,76.4,-0.2,1.6,4.7,2.5,326374.3333333333,82.0,81.266,82.394,2004
2004-09-01,77.9,4.75,76.6,0.3,1.4,4.7,2.4,326983.0,82.6,81.39750000000001,83.08,2004
2004-10-01,78.1,4.75,76.9,0.4,1.3,4.7,2.6,327717.3333333333,81.9,83.1125,85.055,2004
2004-11-01,78.3,4.75,76.9,0.1,1.7,4.7,2.2,328451.6666666667,82.3,83.7,86.182,2004
2004-12-01,78.6,4.75,77.0,0.0,1.2,4.7,2.4,329186.0,81.8,82.3625,85.6725,2004
2005-01-01,78.3,4.75,77.8,1.0,2.5,4.8,2.5,330252.3333333333,82.5,79.682,84.406,2005
2005-02-01,78.5,4.75,77.7,-0.1,2.3,4.7,2.5,331318.6666666667,82.0,80.1175,84.4,2005
2005-03-01,78.8,4.75,77.3,-0.5,1.5,4.7,2.6,332385.0,81.4,82.225,86.6225,2005
2005-04-01,79.1,4.75,78.4,1.5,3.2,4.8,2.2,332709.0,81.9,85.16499999999999,89.38499999999999,2005
2005-05-01,79.4,4.75,78.0,-0.5,2.2,4.8,2.3,333033.0,81.4,85.00399999999999,89.11,2005
2005-06-01,79.4,4.75,78.5,0.6,2.6,4.7,2.3,333357.0,81.9,85.3125,89.25,2005
2005-07-01,79.5,4.75,79.0,0.6,3.3,4.7,2.0,334204.6666666667,81.8,88.1925,92.1475,2005
2005-08-01,79.7,4.5,79.0,0.0,3.4,4.7,2.1,335052.3333333333,81.4,90.334,94.28,2005
2005-09-01,79.9,4.5,79.4,0.5,3.6,4.9,2.0,335900.0,82.0,94.295,97.1675,2005
2005-10-01,80.0,4.5,79.3,-0.1,3.1,5.1,1.8,336210.0,82.4,93.632,96.806,2005
2005-11-01,80.0,4.5,80.1,1.0,4.0,5.1,2.0,336520.0,83.1,89.74,94.1325,2005
2005-12-01,80.3,4.5,80.7,0.8,4.8,5.1,1.5,336830.0,82.6,87.4975,91.8075,2005
2006-01-01,80.0,4.5,80.4,-0.4,3.4,5.2,1.8,336339.6666666667,82.3,89.006,93.19,2006
2006-02-01,80.2,4.5,80.3,-0.1,3.3,5.2,2.0,335849.3333333333,82.3,89.6225,93.765,2006
2006-03-01,80.4,4.5,80.6,0.4,4.2,5.3,1.7,335359.0,82.9,90.0675,94.2125,2006
2006-04-01,80.9,4.5,80.2,-0.4,2.3,5.4,1.5,335517.0,82.9,93.5325,97.045,2006
2006-05-01,81.3,4.5,80.6,0.5,3.3,5.5,1.5,335675.0,83.4,96.088,98.546,2006
2006-06-01,81.5,4.5,80.8,0.2,2.9,5.5,1.5,335833.0,83.8,95.285,97.6075,2006
2006-07-01,81.5,4.5,80.3,-0.5,1.7,5.5,1.1,336763.3333333333,83.5,96.69,98.63,2006
2006-08-01,81.8,4.75,80.6,0.3,2.1,5.5,0.7,337693.6666666667,83.5,96.5025,98.405,2006
2006-09-01,81.9,4.75,80.9,0.3,1.9,5.5,1.0,338624.0,83.2,90.585,94.93,2006
2006-10-01,82.0,4.75,80.4,-0.6,1.4,5.4,1.5,338862.3333333333,84.1,86.16,91.57,2006
2006-11-01,82.2,5.0,80.8,0.5,0.9,5.5,1.3,339100.6666666667,84.3,85.4875,91.1525,2006
2006-12-01,82.6,5.0,81.5,0.9,1.0,5.5,1.2,339339.0,84.9,87.125,92.7825,2006
2007-01-01,82.1,5.25,81.5,0.0,1.4,5.5,1.1,340615.6666666667,83.9,86.91,91.642,2007
2007-02-01,82.4,5.25,81.9,0.5,2.1,5.5,1.1,341892.3333333333,85.0,86.35249999999999,90.3275,2007
2007-03-01,82.8,5.25,82.1,0.2,1.9,5.5,1.1,343169.0,85.2,88.6175,92.32,2007
2007-04-01,83.1,5.25,82.3,0.3,2.6,5.4,1.2,344446.3333333333,85.7,92.004,94.838,2007
2007-05-01,83.3,5.5,82.7,0.5,2.6,5.4,1.7,345723.6666666667,85.2,95.3425,96.5675,2007
2007-06-01,83.5,5.5,82.9,0.2,2.6,5.3,1.7,347001.0,85.2,96.555,97.155,2007
2007-07-01,83.1,5.75,82.9,0.1,3.2,5.3,2.6,349291.3333333333,85.3,96.24,96.812,2007
2007-08-01,83.4,5.75,83.5,0.7,3.6,5.3,2.9,351581.6666666667,85.6,95.615,96.595,2007
2007-09-01,83.5,5.75,83.7,0.2,3.5,5.2,2.5,353872.0,85.9,94.7475,96.515,2007
2007-10-01,83.8,5.75,83.6,-0.1,4.0,5.2,1.6,353715.3333333333,85.1,97.358,99.474,2007
2007-11-01,84.1,5.75,84.1,0.6,4.1,5.2,1.8,353558.6666666667,85.2,100.925,104.465,2007
2007-12-01,84.5,5.5,84.4,0.4,3.6,5.2,1.6,353402.0,84.8,102.608,107.466,2007
2008-01-01,84.1,5.5,84.4,0.0,3.6,5.2,1.7,353954.3333333333,85.4,103.9075,108.815,2008
2008-02-01,84.6,5.25,85.0,0.7,3.8,5.2,1.6,354506.6666666667,87.3,104.0125,109.2625,2008
2008-03-01,84.9,5.25,84.0,-1.1,2.3,5.3,1.7,355059.0,84.9,106.322,113.08,2008
2008-04-01,85.6,5.0,84.7,0.9,2.9,5.2,1.5,353379.6666666667,84.2,108.23,117.285,2008
2008-05-01,86.1,5.0,83.9,-1.0,1.4,5.4,0.4,351700.3333333333,87.0,112.2725,123.3925,2008
2008-06-01,86.6,5.0,83.8,-0.1,1.1,5.5,-0.2,350021.0,83.7,117.572,130.528,2008
2008-07-01,86.6,5.0,83.3,-0.6,0.4,5.7,-0.8,348091.0,83.9,118.7575,132.255,2008
2008-08-01,87.1,5.0,83.1,-0.3,-0.5,5.9,-1.1,346161.0,84.2,113.305,125.5575,2008
2008-09-01,87.5,5.0,82.1,-1.2,-1.9,6.0,-1.4,344231.0,84.0,111.584,123.298,2008
2008-10-01,87.3,4.5,81.9,-0.2,-2.0,6.2,-0.5,341255.0,83.7,104.4425,116.22,2008
2008-11-01,87.3,3.0,80.8,-1.3,-3.9,6.4,-0.5,338279.0,84.2,95.2275,108.8775,2008
2008-12-01,87.1,2.0,80.4,-0.5,-4.7,6.5,0.1,335303.0,85.1,89.21000000000001,102.356,2008
2009-01-01,86.6,1.5,79.7,-0.9,-5.6,6.7,-0.2,334757.6666666667,85.0,86.2625,98.4325,2009
2009-02-01,87.2,1.0,79.6,-0.1,-6.3,7.1,-0.5,334212.3333333333,83.6,89.4725,100.45,2009
2009-03-01,87.3,0.5,79.0,-0.8,-5.9,7.3,-0.8,333667.0,84.1,90.42,99.998,2009
2009-04-01,87.5,0.5,79.5,0.7,-6.1,7.6,-0.3,333430.6666666667,84.7,94.395,102.53,2009
2009-05-01,87.9,0.5,78.8,-1.0,-6.1,7.8,0.2,333194.3333333333,84.4,97.1575,103.205,2009
2009-06-01,88.1,0.5,79.1,0.4,-5.6,7.9,0.3,332958.0,84.9,101.614,104.36,2009
2009-07-01,88.0,0.5,79.5,0.5,-4.6,7.9,-0.2,333190.6666666667,85.6,102.685,103.7625,2009
2009-08-01,88.3,0.5,79.0,-0.6,-4.9,7.8,-0.2,333423.3333333333,85.5,103.828,104.41,2009
2009-09-01,88.3,0.5,79.2,0.2,-3.5,7.9,0.5,333656.0,85.5,106.17,106.8925,2009
2009-10-01,88.4,0.5,79.4,0.2,-3.1,7.8,-0.2,334562.3333333333,85.5,105.355,106.4,2009
2009-11-01,88.6,0.5,79.5,0.1,-1.7,7.8,-0.5,335468.6666666667,85.6,108.306,109.474,2009
2009-12-01,88.9,0.5,79.8,0.5,-0.8,7.7,-0.7,336375.0,85.0,108.0125,109.435,2009
2010-01-01,88.8,0.5,79.2,-0.8,-0.6,7.9,-0.7,336227.3333333333,82.7,110.8825,112.6925,2010
2010-02-01,89.0,0.5,80.5,1.6,1.1,8.0,-0.6,336079.6666666667,85.1,111.8275,113.495,2010
2010-03-01,89.4,0.5,81.2,0.8,2.7,8.0,-0.3,335932.0,84.4,115.092,115.958,2010
2010-04-01,89.9,0.5,80.9,-0.3,1.7,7.9,-1.2,339090.3333333333,84.9,120.1925,121.3125,2010
2010-05-01,90.1,0.5,81.4,0.6,3.4,7.9,-1.3,342248.6666666667,85.0,120.452,122.202,2010
2010-06-01,90.2,0.5,81.5,0.0,3.0,7.8,-1.0,345407.0,85.0,117.9375,120.345,2010
2010-07-01,90.0,0.5,81.6,0.1,2.7,7.8,-0.1,345652.0,85.2,117.19,119.6225,2010
2010-08-01,90.4,0.5,81.7,0.2,3.4,7.8,-0.1,345897.0,85.4,115.964,118.406,2010
2010-09-01,90.4,0.5,81.9,0.2,3.4,7.9,-0.2,346142.0,84.4,114.925,117.5225,2010
2010-10-01,90.6,0.5,82.2,0.4,3.5,7.9,-0.3,345903.3333333333,84.5,116.9525,120.1275,2010
2010-11-01,90.9,0.5,81.9,-0.3,3.1,7.9,-0.2,345664.6666666667,84.5,118.77,122.46,2010
2010-12-01,91.7,0.5,81.2,-0.9,1.7,7.9,-1.2,345426.0,83.1,121.9925,126.1475,2010
2011-01-01,91.8,0.5,81.5,0.5,2.9,7.8,-1.1,344287.0,84.3,127.404,131.858,2011
2011-02-01,92.3,0.5,81.9,0.4,1.7,7.8,-1.5,343148.0,83.8,129.0025,134.07,2011
2011-03-01,92.6,0.5,82.0,0.2,1.1,7.7,-1.8,342009.0,83.9,132.2525,138.43,2011
2011-04-01,93.3,0.5,81.3,-0.9,0.4,7.8,-1.7,341390.3333333333,85.1,134.29250000000002,140.81,2011
2011-05-01,93.5,0.5,82.1,1.0,0.8,7.9,-1.5,340771.6666666667,83.3,136.28400000000002,141.53400000000002,2011
2011-06-01,93.5,0.5,82.1,0.1,0.8,8.0,-1.6,340153.0,82.9,135.5925,139.54250000000002,2011
2011-07-01,93.5,0.5,82.2,0.1,0.8,8.2,-2.2,340353.6666666667,83.4,134.56,138.8525,2011
2011-08-01,93.9,0.5,81.9,-0.3,0.3,8.3,-2.2,340554.3333333333,83.2,135.472,139.902,2011
2011-09-01,94.5,0.5,82.0,0.1,0.2,8.4,-2.7,340755.0,83.3,135.16750000000002,139.59,2011
2011-10-01,94.5,0.5,81.3,-0.9,-1.1,8.5,-2.4,340921.6666666667,84.0,134.674,139.89600000000002,2011
2011-11-01,94.7,0.5,82.3,1.3,0.5,8.4,-2.2,341088.3333333333,83.3,133.66,140.7775,2011
2011-12-01,95.0,0.5,83.0,0.8,2.3,8.3,-1.6,341255.0,83.9,132.5525,140.91,2011
2012-01-01,94.7,0.5,83.3,0.4,2.2,8.3,-2.2,341406.0,83.8,133.238,141.608,2012
2012-02-01,95.2,0.5,82.8,-0.7,1.1,8.2,-1.4,341557.0,83.2,135.1425,143.035,2012
2012-03-01,95.4,0.5,82.9,0.2,1.1,8.2,-1.1,341708.0,84.5,138.41,145.645,2012
2012-04-01,95.9,0.5,82.5,-0.5,1.5,8.1,-1.1,342807.3333333333,83.7,141.578,147.746,2012
2012-05-01,95.9,0.5,83.7,1.5,2.0,8.0,-0.8,343906.6666666667,84.0,137.14249999999998,143.29000000000002,2012
2012-06-01,95.6,0.5,82.7,-1.3,0.7,8.0,-0.3,345006.0,84.4,132.8175,138.6125,2012
2012-07-01,95.7,0.5,83.8,1.4,2.0,7.9,-0.5,346635.6666666667,84.2,131.608,137.034,2012
2012-08-01,96.1,0.5,84.3,0.6,2.8,7.8,-0.2,348265.3333333333,84.1,135.12,140.3025,2012
2012-09-01,96.4,0.5,83.4,-1.0,1.7,7.8,-0.5,349895.0,84.4,138.975,143.7675,2012
2012-10-01,96.8,0.5,83.7,0.3,2.9,7.8,-1.1,351847.3333333333,83.9,138.058,143.158,2012
2012-11-01,97.0,0.5,83.9,0.3,1.9,7.8,-1.0,353799.6666666667,83.6,135.115,141.7375,2012
2012-12-01,97.3,0.5,83.6,-0.4,0.7,7.8,-1.2,355752.0,83.9,132.29000000000002,140.28,2012
2013-01-01,97.0,0.5,83.5,-0.2,0.1,8.0,-1.4,354785.0,83.7,132.255,140.0375,2013
2013-02-01,97.5,0.5,84.2,0.9,1.7,7.8,-1.7,353818.0,85.0,136.325,143.665,2013
2013-03-01,97.8,0.5,84.1,-0.2,1.4,7.8,-1.8,352851.0,83.7,138.535,145.555,2013
2013-04-01,98.0,0.5,84.3,0.3,2.2,7.7,-1.0,353670.0,83.9,136.412,141.708,2013
2013-05-01,98.2,0.5,84.5,0.2,0.9,7.7,-1.4,354489.0,84.9,133.33749999999998,138.5125,2013
2013-06-01,98.0,0.5,84.7,0.2,2.4,7.7,-1.7,355308.0,85.5,134.33,139.445,2013
2013-07-01,98.0,0.5,84.9,0.2,1.3,7.7,-1.4,356589.0,85.7,135.01399999999998,139.848,2013
2013-08-01,98.4,0.5,85.1,0.3,1.0,7.6,-1.9,357870.0,85.0,136.995,141.75,2013
2013-09-01,98.7,0.5,85.2,0.1,2.1,7.4,-1.7,359151.0,86.2,136.512,141.91199999999998,2013
2013-10-01,98.8,0.5,85.7,0.7,2.5,7.2,-1.1,359460.6666666667,85.5,131.56,138.9625,2013
2013-11-01,98.8,0.5,85.7,0.0,2.1,7.2,-1.3,359770.3333333333,86.2,129.8875,137.505,2013
2013-12-01,99.2,0.5,85.4,-0.3,2.1,7.1,-0.7,360080.0,86.8,130.41,138.288,2013
2014-01-01,98.7,0.5,85.9,0.6,2.9,6.9,-0.1,360541.0,86.7,129.7525,137.655,2014
2014-02-01,99.1,0.5,86.4,0.6,2.6,6.7,-0.6,361002.0,87.2,129.005,136.86,2014
2014-03-01,99.3,0.5,86.8,0.4,3.2,6.6,-0.8,361463.0,87.6,128.968,136.478,2014
2014-04-01,99.6,0.5,86.9,0.2,3.1,6.4,-1.2,362555.0,87.9,128.95,136.0275,2014
2014-05-01,99.6,0.5,87.1,0.2,3.2,6.3,-0.9,363647.0,88.3,129.425,136.265,2014
2014-06-01,99.8,0.5,87.5,0.4,3.3,6.1,-1.1,364739.0,88.5,130.006,135.9,2014
2014-07-01,99.6,0.5,87.9,0.5,3.6,6.0,-1.0,366917.6666666667,88.8,131.02,135.89499999999998,2014
2014-08-01,99.9,0.5,87.9,0.0,3.3,6.0,-0.5,369096.3333333333,89.1,129.1675,133.765,2014
2014-09-01,100.0,0.5,88.1,0.3,3.5,5.9,0.4,371275.0,88.4,128.398,133.108,2014
2014-10-01,100.1,0.5,88.5,0.4,3.2,5.9,0.4,372219.0,89.5,125.9475,130.5575,2014
2014-11-01,99.9,0.5,88.4,0.0,3.2,5.7,0.5,373163.0,90.1,122.9175,127.6575,2014
2014-12-01,99.9,0.5,88.5,0.1,3.7,5.6,0.7,374107.0,92.1,116.826,122.9,2014
2015-01-01,99.2,0.5,88.4,-0.1,2.9,5.6,1.0,374736.0,90.6,108.27,115.56,2015
2015-02-01,99.5,0.5,88.7,0.3,2.6,5.5,1.8,375365.0,91.2,106.9975,114.4975,2015
2015-03-01,99.6,0.5,88.8,0.2,2.4,5.5,2.5,375994.0,91.4,110.804,118.018,2015
2015-04-01,99.9,0.5,89.0,0.3,2.4,5.6,2.4,376388.3333333333,91.9,112.8275,119.24,2015
2015-05-01,100.1,0.5,89.0,0.0,2.1,5.6,2.3,376782.6666666667,91.7,115.2825,120.7375,2015
2015-06-01,100.1,0.5,88.9,-0.1,1.7,5.5,2.4,377177.0,91.9,116.386,121.228,2015
2015-07-01,100.0,0.5,89.3,0.4,1.6,5.4,2.5,378780.0,92.2,116.495,118.7425,2015
2015-08-01,100.3,0.5,89.2,-0.1,1.5,5.3,2.1,380383.0,91.4,114.124,112.478,2015
2015-09-01,100.2,0.5,89.3,0.2,1.3,5.2,1.6,381986.0,93.2,110.395,110.175,2015
2015-10-01,100.3,0.5,89.7,0.4,1.4,5.1,1.4,381679.3333333333,92.2,108.74,110.7825,2015
2015-11-01,100.3,0.5,89.6,-0.1,1.3,5.1,1.7,381372.6666666667,92.7,107.194,110.164,2015
2015-12-01,100.4,0.5,89.9,0.3,1.5,5.1,1.5,381066.0,93.1,103.7975,107.865,2015
2016-01-01,99.9,0.5,90.0,0.1,1.8,5.1,1.6,383688.6666666667,95.1,101.7775,103.52,2016
2016-02-01,100.1,0.5,90.5,0.6,2.1,5.1,1.8,386311.3333333333,94.5,101.426,101.14,2016
2016-03-01,100.4,0.5,90.3,-0.2,1.7,5.0,1.4,388934.0,94.2,102.2875,103.0575,2016
2016-04-01,100.6,0.5,91.2,0.9,2.4,4.9,1.7,390125.0,95.1,105.8625,106.485,2016
2016-05-01,100.8,0.5,90.9,-0.3,2.1,4.9,1.3,391316.0,96.2,108.69,109.496,2016
2016-06-01,101.0,0.5,91.1,0.2,2.4,4.9,1.4,392507.0,95.2,111.0225,112.0725,2016
2016-07-01,100.9,0.5,91.2,0.1,2.2,5.0,1.3,393505.0,96.9,111.7875,112.96,2016
2016-08-01,101.2,0.25,91.4,0.2,2.6,4.8,1.4,394503.0,96.6,110.028,111.822,2016
2016-09-01,101.5,0.25,91.9,0.5,3.0,4.8,1.3,395501.0,97.1,111.2325,113.2825,2016
2016-10-01,101.6,0.25,91.6,-0.3,2.2,4.8,1.3,395658.3333333333,98.8,113.788,116.046,2016
2016-11-01,101.8,0.25,92.1,0.4,2.8,4.7,1.2,395815.6666666667,98.3,115.3725,117.985,2016
2016-12-01,102.2,0.25,92.8,0.8,3.2,4.7,0.5,395973.0,97.7,114.585,117.975,2016
2017-01-01,101.8,0.25,93.0,0.3,3.3,4.6,0.1,397023.3333333333,96.7,118.61,121.874,2017
2017-02-01,102.4,0.25,93.1,0.1,2.8,4.6,-0.6,398073.6666666667,97.3,120.1625,123.1575,2017
2017-03-01,102.7,0.25,93.2,0.1,3.1,4.5,-0.5,399124.0,96.9,119.2,122.1475,2017
2017-04-01,103.2,0.25,93.6,0.5,2.7,4.4,-0.8,399129.0,98.5,117.41,120.2575,2017
2017-05-01,103.5,0.25,93.9,0.3,3.3,4.4,-0.3,399134.0,96.6,116.44,118.682,2017
2017-06-01,103.5,0.25,94.1,0.2,3.3,4.3,-0.3,399139.0,97.7,115.265,117.2875,2017
2017-07-01,103.5,0.25,94.2,0.2,3.3,4.3,-0.5,399997.3333333333,97.6,113.872,115.644,2017
2017-08-01,104.0,0.25,94.4,0.1,3.2,4.3,-0.4,400855.6666666667,98.8,115.6875,117.59,2017
2017-09-01,104.3,0.25,94.8,0.5,3.1,4.2,-0.4,401714.0,98.5,118.2025,120.055,2017
2017-10-01,104.4,0.25,94.9,0.1,3.5,4.3,-0.3,402391.6666666667,98.6,117.28,120.516,2017
2017-11-01,104.7,0.5,95.1,0.2,3.3,4.4,-0.5,403069.3333333333,98.8,119.07,122.7675,2017
2017-12-01,105.0,0.5,95.3,0.3,2.8,4.3,0.0,403747.0,98.8,119.91,123.535,2017
2018-01-01,104.5,0.5,95.2,-0.2,2.4,4.2,0.0,404522.3333333333,97.9,120.972,124.49,2018
2018-02-01,104.9,0.5,95.2,0.0,2.3,4.2,0.4,405297.6666666667,98.3,120.845,124.4125,2018
2018-03-01,105.1,0.5,95.1,-0.1,2.1,4.2,0.7,406073.0,97.2,119.2,122.905,2018
2018-04-01,105.5,0.5,95.1,0.0,1.6,4.2,0.4,405547.6666666667,98.8,120.722,124.464,2018
2018-05-01,105.9,0.5,95.4,0.3,1.6,4.0,0.3,405022.3333333333,100.3,125.275,129.2425,2018
2018-06-01,105.9,0.5,95.7,0.3,1.7,4.0,0.4,404497.0,99.9,128.035,132.0525,2018
2018-07-01,105.9,0.5,95.5,-0.2,1.3,4.0,0.8,405670.3333333333,101.0,127.204,131.61,2018
2018-08-01,106.5,0.75,95.8,0.3,1.5,4.1,0.9,406843.6666666667,101.5,128.595,132.78,2018
2018-09-01,106.6,0.75,95.9,0.1,1.1,4.1,0.9,408017.0,101.1,130.29500000000002,134.32999999999998,2018
2018-10-01,106.7,0.75,95.9,0.1,1.1,4.0,1.3,409563.0,100.5,130.512,136.18800000000002,2018
2018-11-01,106.9,0.75,96.0,0.1,1.0,4.0,1.3,411109.0,101.6,128.055,136.48000000000002,2018
2018-12-01,107.1,0.75,95.5,-0.5,0.2,3.9,1.3,412655.0,101.7,121.696,131.862,2018
2019-01-01,106.4,0.75,96.0,0.5,0.8,4.0,1.9,412466.6666666667,101.4,119.5525,129.45499999999998,2019
2019-02-01,106.8,0.75,96.5,0.6,1.4,3.8,1.4,412278.3333333333,101.6,119.0925,129.2975,2019
2019-03-01,107.0,0.75,96.4,-0.2,1.4,3.8,1.3,412090.0,102.7,120.2825,130.71,2019
2019-04-01,107.6,0.75,96.0,-0.4,1.0,3.8,1.9,412438.6666666667,102.8,124.042,133.022,2019
2019-05-01,107.9,0.75,96.5,0.5,1.2,3.9,1.9,412787.3333333333,101.7,128.28,135.76,2019
2019-06-01,107.9,0.75,97.1,0.6,1.5,3.9,2.1,413136.0,103.0,128.155,134.34,2019
2019-07-01,108.0,0.75,97.2,0.1,1.8,3.9,1.8,413074.3333333333,104.1,127.26399999999998,131.98000000000002,2019
2019-08-01,108.3,0.75,97.0,-0.2,1.3,3.9,1.8,413012.6666666667,103.6,128.28,132.5775,2019
2019-09-01,108.4,0.75,97.4,0.4,1.6,3.8,1.8,412951.0,103.7,127.254,131.776,2019
2019-10-01,108.3,0.75,97.3,-0.1,1.4,3.8,1.7,412796.3333333333,102.8,126.4875,131.39749999999998,2019
2019-11-01,108.5,0.75,97.0,-0.3,1.0,3.7,1.7,412641.6666666667,102.4,125.5125,130.3075,2019
2019-12-01,108.5,0.75,97.4,0.4,1.9,3.9,1.8,412487.0,103.4,124.602,129.898,2019
2020-01-01,108.3,0.75,97.3,-0.1,1.3,3.9,1.0,408574.0,103.5,126.9425,132.4675,2020
2020-02-01,108.6,0.75,97.3,0.0,0.8,4.1,1.2,404661.0,102.9,124.4575,129.2625,2020
2020-03-01,108.6,0.1,89.9,-7.6,-6.7,4.1,0.9,400748.0,97.9,119.418,123.848,2020
2020-04-01,108.6,0.1,72.7,-19.2,-24.3,4.1,-1.0,369994.0,83.8,109.0025,115.9825,2020
2020-05-01,108.6,0.1,74.2,2.1,-23.1,4.1,-0.9,339240.0,93.5,106.2425,113.4225,2020
2020-06-01,108.8,0.1,81.1,9.3,-16.5,4.4,-0.9,308486.0,104.6,106.544,112.67,2020
2020-07-01,109.2,0.1,86.6,6.7,-10.9,4.6,-0.1,328754.3333333333,108.1,111.39,116.7275,2020
2020-08-01,108.8,0.1,89.6,3.5,-7.6,5.0,1.5,349022.6666666667,109.7,113.096,118.06,2020
2020-09-01,109.2,0.1,90.8,1.4,-6.7,5.2,2.1,369291.0,111.4,113.325,118.175,2020
2020-10-01,109.2,0.1,91.2,0.3,-6.3,5.2,2.7,367096.6666666667,112.3,113.1925,118.08,2020
2020-11-01,109.1,0.1,89.2,-2.1,-8.0,5.3,3.5,364902.3333333333,108.3,112.598,117.39,2020
2020-12-01,109.4,0.1,90.8,1.7,-6.8,5.2,3.5,362708.0,109.0,114.0825,118.845,2020
2021-01-01,109.3,0.1,87.8,-3.2,-9.7,5.0,3.4,358264.6666666667,100.6,116.64,121.2,2021
2021-02-01,109.4,0.1,88.9,1.2,-8.6,4.9,3.7,353821.3333333333,101.8,120.1525,124.6275,2021
2021-03-01,109.7,0.1,91.5,2.9,1.8,4.8,3.9,349378.0,105.2,123.742,128.12,2021
2021-04-01,110.4,0.1,94.5,3.2,30.0,4.8,5.8,362693.3333333333,114.1,125.48,129.5,2021
2021-05-01,111.0,0.1,95.8,1.4,29.1,4.7,5.2,376008.6666666667,111.1,127.17,130.95999999999998,2021
2021-06-01,111.4,0.1,96.7,1.0,19.2,4.6,4.6,389324.0,111.5,129.7475,133.3775,2021
2021-07-01,111.4,0.1,96.3,-0.4,11.3,4.5,3.9,393320.6666666667,108.7,132.71249999999998,135.39249999999998,2021
2021-08-01,112.1,0.1,97.3,1.0,8.5,4.4,1.9,397317.3333333333,109.0,134.59,137.046,2021
2021-09-01,112.4,0.1,97.8,0.6,7.7,4.3,1.2,401314.0,108.8,134.89,137.42,2021
2021-10-01,113.4,0.1,98.0,0.1,7.5,4.2,0.2,401549.0,109.3,138.635,142.2375,2021
2021-11-01,114.1,0.1,98.5,0.5,10.4,4.2,-0.8,401784.0,108.5,145.778,149.624,2021
2021-12-01,114.682,0.25,98.3,-0.2,8.3,4.1,-0.9,402019.0,108.5,145.7975,149.55,2021
2022-01-01,114.6,0.25,98.9,0.6,12.6,3.9,-0.3,404006.3333333333,107.7,145.054,148.93800000000002,2022
2022-02-01,115.4,0.5,99.3,0.4,11.7,3.8,-0.9,405993.6666666667,106.2,147.5675,151.6775,2022
2022-03-01,116.5,0.75,99.3,0.0,8.5,3.8,-1.5,407981.0,105.5,160.23250000000002,170.4875,2022
2022-04-01,119.0,0.75,99.5,0.2,5.4,3.7,-3.1,410598.3333333333,104.7,161.8,176.12,2022
2022-05-01,119.7,1.0,100.0,0.5,4.4,3.8,-2.6,413215.6666666667,103.1,165.84,179.706,2022
2022-06-01,120.5,1.25,99.4,-0.7,2.8,3.6,-2.7,415833.0,103.1,183.825,192.2925,2022
2022-07-01,121.2,1.25,99.9,0.5,3.7,3.6,-3.0,415914.0,103.7,189.425,197.8425,2022
2022-08-01,121.8,1.75,99.9,0.0,2.7,3.7,-2.5,415995.0,101.8,175.172,186.562,2022
2022-09-01,122.3,2.25,99.2,-0.7,1.4,3.8,-2.5,416076.0,100.6,166.5025,181.6575,2022
2022-10-01,124.3,2.25,100.1,1.0,2.2,3.9,-2.7,416626.6666666667,101.4,163.612,183.946,2022
2022-11-01,124.8,3.0,100.2,0.1,1.7,3.9,-2.3,417177.3333333333,100.6,163.60750000000002,187.945,2022
2022-12-01,125.3,3.5,99.7,-0.5,1.4,3.9,-2.4,417728.0,100.5,155.295,179.1525,2022
2023-01-01,124.8,3.5,100.1,0.4,1.2,4.0,-2.3,416878.6666666667,100.4,149.20999999999998,172.076,2023
2023-02-01,126.0,4.0,100.3,0.2,1.0,4.0,-1.9,416029.3333333333,101.4,147.9325,169.47,2023
2023-03-01,126.8,4.25,99.9,-0.4,0.6,3.9,-1.6,415180.0,100.1,146.73000000000002,166.4525,2023
2023-04-01,128.3,4.25,100.1,0.2,0.6,4.0,-0.1,415464.6666666667,101.6,145.8275,162.4675,2023
2023-05-01,129.1,4.5,99.8,-0.3,-0.2,4.2,-0.1,415749.3333333333,100.5,144.448,154.692,2023
2023-06-01,129.4,5.0,100.5,0.6,1.1,4.4,0.5,416034.0,101.2,142.9975,145.69,2023
2023-07-01,129.0,5.0,100.1,-0.4,0.2,4.3,1.2,414313.6666666667,99.9,143.226,145.19400000000002,2023
2023-08-01,129.4,5.25,100.0,-0.1,0.1,4.1,1.4,412593.3333333333,99.9,148.52,151.065,2023
2023-09-01,130.1,5.25,100.0,0.0,0.8,4.0,1.2,410873.0,98.6,153.57,157.3925,2023
2023-10-01,130.2,5.25,99.6,-0.4,-0.5,4.0,1.3,410646.6666666667,99.4,155.13,162.18,2023
2023-11-01,130.0,5.25,99.9,0.3,-0.3,3.9,2.0,410420.3333333333,100.9,151.01999999999998,158.9675,2023
2023-12-01,130.5,5.25,99.6,-0.3,-0.1,4.1,1.9,410194.0,96.9,142.8375,151.4325,2023
2024-01-01,130.0,5.25,100.1,0.5,0.0,4.2,1.6,410579.0,99.8,139.858,148.264,2024
2024-02-01,130.8,5.25,100.3,0.2,0.0,4.3,1.9,410964.0,100.3,142.16250000000002,151.25,2024
2024-03-01,131.6,5.25,100.6,0.3,0.7,4.4,2.2,411349.0,99.4,144.805,154.1325,2024
2024-04-01,132.2,5.25,100.7,0.1,0.6,4.4,2.6,411271.0,98.4,148.07,157.142,2024
2024-05-01,132.7,5.25,101.1,0.3,1.2,4.2,2.7,411193.0,101.0,148.8125,156.3075,2024
2024-06-01,133.0,5.25,100.8,-0.2,0.4,4.2,2.5,411115.0,99.1,145.76,151.51749999999998,2024
2024-07-01,132.9,5.25,100.8,0.0,0.7,4.1,2.2,412048.3333333333,100.2,144.442,150.352,2024
2024-08-01,133.4,5.0,101.1,0.3,1.1,4.3,1.8,412981.6666666667,100.6,142.325,147.7875,2024
2024-09-01,133.5,5.0,101.0,0.0,1.0,4.2,2.4,413915.0,100.7,136.796,141.81400000000002,2024
2024-10-01,134.3,5.0,101.1,0.1,1.5,4.4,2.8,414104.0,99.7,133.9625,139.1275,2024
2024-11-01,134.6,4.75,101.2,0.1,1.3,4.4,1.9,414293.0,99.9,134.805,140.465,2024
2024-12-01,135.1,4.75,101.6,0.4,2.0,4.4,2.4,414482.0,100.1,136.286,142.61399999999998,2024
2025-01-01,135.1,4.75,101.6,0.0,1.5,4.5,1.9,414732.3333333333,98.7,137.11,144.1175,2025
2025-02-01,135.6,4.5,101.9,0.3,1.6,4.6,2.1,414982.6666666667,101.0,139.15,146.4225,2025
2025-03-01,136.1,4.5,102.1,0.2,1.5,4.6,1.5,415233.0,102.2,137.504,144.834,2025
2025-04-01,137.7,4.5,102.0,-0.1,1.2,4.7,1.0,415233.0,102.0,134.55,141.69,2025
